{
	"carName": "honda_nsx_gt3_evo",
	"basicSetup":
	{
		"tyres":
		{
			"tyreCompound": 0,
			"tyrePressure": [ 61, 51, 53, 47 ]
		},
		"alignment":
		{
			"camber": [ 10, 10, 0, 0 ],
			"toe": [ 10, 10, 50, 50 ],
			"staticCamber": [ -2.1754250526428223, -2.1809422969818115, -3.1351282596588135, -3.1394472122192383 ],
			"toeOutLinear": [ 0.0012319613015279174, 0.0012319661909714341, 0.0008177874842658639, 0.00081783364294096828 ],
			"casterLF": 0,
			"casterRF": 0,
			"steerRatio": 0
		},
		"electronics":
		{
			"tC1": 2,
			"tC2": 0,
			"abs": 2,
			"eCUMap": 2,
			"fuelMix": 0,
			"telemetryLaps": 4
		},
		"strategy":
		{
			"fuel": 18,
			"nPitStops": 0,
			"tyreSet": 2,
			"frontBrakePadCompound": 0,
			"rearBrakePadCompound": 0,
			"pitStrategy": [
				{
					"fuelToAdd": 0,
					"tyres":
					{
						"tyreCompound": 0,
						"tyrePressure": [ 61, 51, 53, 47 ]
					},
					"tyreSet": 2,
					"frontBrakePadCompound": 0,
					"rearBrakePadCompound": 0
				}
			],
			"fuelPerLap": 2.3249342441558838
		}
	},
	"advancedSetup":
	{
		"mechanicalBalance":
		{
			"aRBFront": 6,
			"aRBRear": 5,
			"wheelRate": [ 7, 7, 6, 6 ],
			"bumpStopRateUp": [ 7, 7, 6, 6 ],
			"bumpStopRateDn": [ 0, 0, 10, 10 ],
			"bumpStopWindow": [ 17, 17, 40, 40 ],
			"brakeTorque": 20,
			"brakeBias": 25
		},
		"dampers":
		{
			"bumpSlow": [ 8, 8, 7, 7 ],
			"bumpFast": [ 5, 5, 7, 7 ],
			"reboundSlow": [ 11, 11, 7, 7 ],
			"reboundFast": [ 11, 11, 12, 12 ]
		},
		"aeroBalance":
		{
			"rideHeight": [ 0, 6, 14, 18 ],
			"rodLength": [ -12.088871002197266, -12.088871002197266, 1.2676573991775513, 1.2676573991775513 ],
			"splitter": 0,
			"rearWing": 9,
			"brakeDuct": [ 3, 3 ]
		},
		"drivetrain":
		{
			"preload": 10
		}
	},
	"trackBopType": 36
}