{
	"carName": "porsche_718_cayman_gt4_mr",
	"basicSetup":
	{
		"tyres":
		{
			"tyreCompound": 0,
			"tyrePressure": [ 29, 29, 29, 29 ]
		},
		"alignment":
		{
			"camber": [ 0, 0, 0, 0 ],
			"toe": [ 20, 20, 35, 35 ],
			"staticCamber": [ -5.4702911376953125, -5.4557862281799316, -6.496220588684082, -6.493919849395752 ],
			"toeOutLinear": [ 0.00092203402891755104, 0.00089072930859401822, -0.00050438125617802143, -0.00049132725689560175 ],
			"casterLF": 28,
			"casterRF": 28,
			"steerRatio": 2
		},
		"electronics":
		{
			"tC1": 2,
			"tC2": 0,
			"abs": 3,
			"eCUMap": 0,
			"fuelMix": 0,
			"telemetryLaps": 0
		},
		"strategy":
		{
			"fuel": 23,
			"nPitStops": 0,
			"tyreSet": 0,
			"frontBrakePadCompound": 0,
			"rearBrakePadCompound": 0,
			"pitStrategy": [
				{
					"fuelToAdd": 0,
					"tyres":
					{
						"tyreCompound": 0,
						"tyrePressure": [ 29, 29, 29, 29 ]
					},
					"tyreSet": 2,
					"frontBrakePadCompound": 0,
					"rearBrakePadCompound": 0
				}
			],
			"fuelPerLap": 1.940000057220459
		}
	},
	"advancedSetup":
	{
		"mechanicalBalance":
		{
			"aRBFront": 2,
			"aRBRear": 4,
			"wheelRate": [ 0, 0, 1, 1 ],
			"bumpStopRateUp": [ 5, 5, 3, 3 ],
			"bumpStopRateDn": [ 0, 0, 10, 10 ],
			"bumpStopWindow": [ 0, 0, 0, 0 ],
			"brakeTorque": 20,
			"brakeBias": 20
		},
		"dampers":
		{
			"bumpSlow": [ 6, 6, 10, 10 ],
			"bumpFast": [ 12, 12, 12, 12 ],
			"reboundSlow": [ 8, 8, 12, 12 ],
			"reboundFast": [ 0, 0, 0, 0 ]
		},
		"aeroBalance":
		{
			"rideHeight": [ 0, 11, 46, 18 ],
			"rodLength": [ 42.415874481201172, 42.415874481201172, 68.174568176269531, 68.174568176269531 ],
			"splitter": 0,
			"rearWing": 2,
			"brakeDuct": [ 3, 3 ]
		},
		"drivetrain":
		{
			"preload": 0
		}
	},
	"trackBopType": 9
}