{
	"carName": "porsche_935",
	"basicSetup":
	{
		"tyres":
		{
			"tyreCompound": 0,
			"tyrePressure": [ 40, 44, 32, 34 ]
		},
		"alignment":
		{
			"camber": [ 0, 0, 0, 0 ],
			"toe": [ 10, 10, 30, 30 ],
			"staticCamber": [ -1.4950324296951294, -1.4873154163360596, -2.4955167770385742, -2.493504524230957 ],
			"toeOutLinear": [ 0.0013380453456193209, 0.0013303268933668733, -0.00012983373017050326, -0.00012979745224583894 ],
			"casterLF": 30,
			"casterRF": 30,
			"steerRatio": 1
		},
		"electronics":
		{
			"tC1": 0,
			"tC2": 0,
			"abs": 4,
			"eCUMap": 0,
			"fuelMix": 0,
			"telemetryLaps": 99
		},
		"strategy":
		{
			"fuel": 23,
			"nPitStops": 0,
			"tyreSet": 1,
			"frontBrakePadCompound": 0,
			"rearBrakePadCompound": 0,
			"pitStrategy": [
				{
					"fuelToAdd": 0,
					"tyres":
					{
						"tyreCompound": 0,
						"tyrePressure": [ 45, 49, 38, 39 ]
					},
					"tyreSet": 2,
					"frontBrakePadCompound": 0,
					"rearBrakePadCompound": 0
				}
			],
			"fuelPerLap": 2.6454010009765625
		}
	},
	"advancedSetup":
	{
		"mechanicalBalance":
		{
			"aRBFront": 6,
			"aRBRear": 0,
			"wheelRate": [ 0, 0, 3, 3 ],
			"bumpStopRateUp": [ 0, 0, 0, 0 ],
			"bumpStopRateDn": [ 0, 0, 10, 10 ],
			"bumpStopWindow": [ 120, 120, 0, 0 ],
			"brakeTorque": 20,
			"brakeBias": 30
		},
		"dampers":
		{
			"bumpSlow": [ 4, 4, 8, 8 ],
			"bumpFast": [ 0, 0, 0, 0 ],
			"reboundSlow": [ 10, 10, 11, 11 ],
			"reboundFast": [ 8, 8, 12, 12 ]
		},
		"aeroBalance":
		{
			"rideHeight": [ 0, 11, 14, 18 ],
			"rodLength": [ -24.455606460571289, -24.455606460571289, -46.115108489990234, -46.115108489990234 ],
			"splitter": 0,
			"rearWing": 9,
			"brakeDuct": [ 3, 6 ]
		},
		"drivetrain":
		{
			"preload": 0
		}
	},
	"trackBopType": 34
}