{
	"carName": "honda_nsx_gt3_evo",
	"basicSetup":
	{
		"tyres":
		{
			"tyreCompound": 0,
			"tyrePressure": [ 51, 52, 47, 48 ]
		},
		"alignment":
		{
			"camber": [ 5, 5, 0, 0 ],
			"toe": [ 15, 15, 50, 50 ],
			"staticCamber": [ -2.6853704452514648, -2.6847584247589111, -3.0690600872039795, -3.0683355331420898 ],
			"toeOutLinear": [ 0.0011006502900272608, 0.0011006477288901806, 0.00089743873104453087, 0.0008974405936896801 ],
			"casterLF": 0,
			"casterRF": 0,
			"steerRatio": 0
		},
		"electronics":
		{
			"tC1": 3,
			"tC2": 0,
			"abs": 2,
			"eCUMap": 2,
			"fuelMix": 0,
			"telemetryLaps": 99
		},
		"strategy":
		{
			"fuel": 15,
			"nPitStops": 0,
			"tyreSet": 1,
			"frontBrakePadCompound": 0,
			"rearBrakePadCompound": 0,
			"pitStrategy": [
				{
					"fuelToAdd": 0,
					"tyres":
					{
						"tyreCompound": 0,
						"tyrePressure": [ 50, 50, 50, 50 ]
					},
					"tyreSet": 2,
					"frontBrakePadCompound": 0,
					"rearBrakePadCompound": 0
				}
			],
			"fuelPerLap": 3.2208459377288818
		}
	},
	"advancedSetup":
	{
		"mechanicalBalance":
		{
			"aRBFront": 6,
			"aRBRear": 5,
			"wheelRate": [ 7, 7, 6, 6 ],
			"bumpStopRateUp": [ 7, 7, 6, 6 ],
			"bumpStopRateDn": [ 0, 0, 10, 10 ],
			"bumpStopWindow": [ 10, 10, 25, 25 ],
			"brakeTorque": 20,
			"brakeBias": 20
		},
		"dampers":
		{
			"bumpSlow": [ 9, 9, 12, 12 ],
			"bumpFast": [ 10, 10, 4, 4 ],
			"reboundSlow": [ 7, 7, 10, 10 ],
			"reboundFast": [ 8, 8, 3, 3 ]
		},
		"aeroBalance":
		{
			"rideHeight": [ 0, 6, 12, 18 ],
			"rodLength": [ -11.545061111450195, -11.545061111450195, -0.52173697948455811, -0.52173697948455811 ],
			"splitter": 0,
			"rearWing": 11,
			"brakeDuct": [ 4, 4 ]
		},
		"drivetrain":
		{
			"preload": 10
		}
	},
	"trackBopType": 42
}