{
	"carName": "mclaren_720s_gt3_evo",
	"basicSetup":
	{
		"tyres":
		{
			"tyreCompound": 0,
			"tyrePressure": [ 46, 56, 43, 54 ]
		},
		"alignment":
		{
			"camber": [ 0, 0, 0, 0 ],
			"toe": [ 8, 8, 10, 10 ],
			"staticCamber": [ -4.7195024490356445, -4.7127742767333984, -4.7353396415710449, -4.7280135154724121 ],
			"toeOutLinear": [ 0.0023811860010027885, 0.0023811915889382362, -2.8492464480223134e-05, -2.8486707378760912e-05 ],
			"casterLF": 46,
			"casterRF": 46,
			"steerRatio": 0
		},
		"electronics":
		{
			"tC1": 3,
			"tC2": 0,
			"abs": 2,
			"eCUMap": 0,
			"fuelMix": 0,
			"telemetryLaps": 99
		},
		"strategy":
		{
			"fuel": 12,
			"nPitStops": 0,
			"tyreSet": 0,
			"frontBrakePadCompound": 0,
			"rearBrakePadCompound": 0,
			"pitStrategy": [
				{
					"fuelToAdd": 0,
					"tyres":
					{
						"tyreCompound": 0,
						"tyrePressure": [ 42, 52, 39, 50 ]
					},
					"tyreSet": 0,
					"frontBrakePadCompound": 1,
					"rearBrakePadCompound": 1
				}
			],
			"fuelPerLap": 3.5499999523162842
		}
	},
	"advancedSetup":
	{
		"mechanicalBalance":
		{
			"aRBFront": 11,
			"aRBRear": 7,
			"wheelRate": [ 0, 0, 0, 0 ],
			"bumpStopRateUp": [ 0, 0, 0, 0 ],
			"bumpStopRateDn": [ 0, 0, 10, 10 ],
			"bumpStopWindow": [ 40, 40, 23, 23 ],
			"brakeTorque": 20,
			"brakeBias": 0
		},
		"dampers":
		{
			"bumpSlow": [ 0, 0, 0, 0 ],
			"bumpFast": [ 0, 0, 0, 0 ],
			"reboundSlow": [ 40, 40, 40, 40 ],
			"reboundFast": [ 39, 39, 39, 39 ]
		},
		"aeroBalance":
		{
			"rideHeight": [ 0, 6, 6, 18 ],
			"rodLength": [ 55.622825622558594, 55.622825622558594, 45.375205993652344, 45.375205993652344 ],
			"splitter": 0,
			"rearWing": 5,
			"brakeDuct": [ 2, 2 ]
		},
		"drivetrain":
		{
			"preload": 4
		}
	},
	"trackBopType": 27
}